,Pad,Stop,Dummy
reward mean,-10.47003818974225,-172.75705014989256,-19.767601008102297
reward std,5.7995911579745885,10.707892311205267,11.459246395452846
success rate,1.0,0.0,0.1375
length mean,145.645,200.0,126.5285
length std,11.81007938161298,0.0,12.634009171676265
