algorithm,mean,std dev
HL,-0.09677284728152154,0.03366614150119098
SAC,-0.21109218078837547,0.06244288245272595
