algorithm,mean,std dev
HL,-0.05642739993333817,0.0233456939074595
SAC,-0.13637288763622443,0.0344246929946651
