,BC,DAgger,SAC,HL
reward min,-674.417981,-186.936527,-37.76816,-71.02369790198281
reward mean,-384.423574486,-21.543975292,-18.386171632,-5.36249016622128
reward max,-0.542832,-1.415933,-5.196032,0.0
reward median,-565.8442865,-8.0986495,-16.4398225,-3.9503785371780396
