,still,expert,BC,SAC
mean,-20,-9.008006645858288,-8.177892168,-7.962343164
std_dev,0,4.486335592990151,4.456065584545206,4.448482729255219
