,expert,random,SAC
success rate,1.0,-1.0,1.0
mean reward,-13.471891280547997,-199.6709092292043,-14.225881684182928
std dev reward,4.7059342816997605,5.467491298179286,3.6011590858740017
mean length,56.709,200.0,57.122
std dev length,15.16661857501533,0.0,15.391267524151479
